Project_id,Fund_id
53106728454549540FW50071,519
53503475814015448QV76230,722
53369144774195990DC96528,721
53678042400837709RK27159,725
53387585126140441DJ26161,754
53659851665964736FA54604,166
53797821351151438IG85505,765
53545188092911183UB22826,408
53657751452140584MN81131,737
53478325801436139WE18522,736
53961769405680343HN35900,402
53940529641684188FF57536,752
53213284277331914XZ83196,717
53134041364805629KS24680,727
53257592317556699VF15736,794
53249183205141757YE53565,794
53645139747678593IN29075,212
53968332530548687LR43522,985
53196544424064241RN73451,292
53915944371081393HE24432,725
53610598313197325YH59384,333
53234056439825390BE12064,985
53555491822799397OJ51492,985
53563021300244066WL34124,749
53670700666500207JP64079,299
53832319805050306CE79358,406
53330172298896231NL73956,191
53895548633642911OU50990,212
53739706238648580DO87741,866
53340938430191174WP86243,212
53697636494233057QU53184,754
53826034756441948LV74907,719
53227668045452457AR23822,272
53129461311979648GW49702,272
53340150901283930BC26763,736
53678021313804067NY69787,755
53534907417730585DG48297,869
53874523662616330UB46893,755
53291952491312735KB49362,573
53543236611502170DZ10453,134
53409126515891650ES10410,420
53885282094132093BA37715,884
53713268900185800FY73459,725
53427743143234328CM23485,725
53280394597501348VE99912,749
53759457306220641AT73994,765
53391487264550159SY68542,765
53593208878217334YT23271,134
53133057381111316JG11935,725
53556242662768290EE20933,342
53274465920638886SL86067,749
53996126514459403KP18497,749
53925324952698919BT73856,212
53886010603785836DP77910,736
53723932251872872SS89356,985
53290687234588678SL35404,985
53802040627034340MT77343,212
53544078018943768KB53369,985
53793001559878068TR61730,274
53490229151447111PD88450,299
53873591272286396DP80270,752
53905049732365520LR72407,274
53704076324324468SH50707,333
53284316485813489OB42316,866
53613116070705257WS67596,233
53224728843030660FR46464,866
53488158003420087OR39592,233
53451860159323715TM33843,290
53303020205572114QC97858,212
53281934615938602EZ97000,212
53199436169270646KX76899,758
53467214991306039QW59866,212
53717632568166992AF32226,183
53752706581086874GS84318,183
53126689741325358KE39924,766
53119331900118709YX43554,985
53779071119847912FR38256,963
53511165791747870KN65427,984
53375531620824945IX13717,179
53108849614987267TL16579,984
53904570748646281FU16288,123
53776434932073454DU93049,258
53534232343186402QO50825,732
53874898889732101SE56354,444
53335796102904435TK34082,258
53625607950375323DH97290,732
53315824274321851XQ17273,258
53353838385305382FE80976,827
53658684888089991WF43197,79
53292041656753464SL64973,79
53706052893985626RV81518,737
53496227221618509GS60289,737
53201356037793461KE30962,719
53774002216865576FR36910,719
53677751790240325EV31287,420
53237704067475420YB38926,727
53366442027741792PG37371,794
53115698142002377NR49279,756
53191260842514888ZX89752,765
53496266894469880EV48749,727
53131214512204106JL50093,754
53977070508062702ES70194,737
53674919557528234OR27289,469
53360241365689532KI64469,212
53907831531207661CH73554,765
53406534716436868VG22123,738
53514821277284010UY94961,724
53391596468949692GW10977,888
53333588699680753AW42843,765
53323076753975505YK63189,754
53469545374944267BZ90112,754
53332453794451118MB93419,212
53301328100693272IL14446,212
53958911207380867LE93473,183
53228231428950529IU12485,745
53304850096927379AG10400,765
53953906732120022GB74852,737
53263178682024961WC66973,794
53589930070017047CU61125,765
53859497330558757KL20696,765
53865680753346898FN74401,872
53962431473647211HA35236,732
53531536563065856NT86540,872
53458887151140513YK67952,212
53454290385480379QQ84174,174
53315823385827661HD75240,888
53785438299819977VW55096,212
53205334720132061QT98716,212
53230193052444940WC91644,765
53691247582440746SZ13613,134
53247452618405732BL31494,134
53469802976756482HP29000,528
53874474253083978CS25087,88
53219420707634407RX44337,869
53507358249644797YN11571,765
53541122496910607PU40383,292
53908863181486526YL65254,221
53734941473582745FQ68700,749
53885490731917698CH28106,878
53544267188232612HW12282,765
53673652492185486KW29836,727
53271164017729141MC14652,719
53669313048359459YR19582,233
53803607663522837KG99810,727
53759166459239323FY34013,794
53109999958257166JD26893,179
53642604881799314RX85006,794
53145832071327529VB62832,550
53630818396730868UR40585,794
53757850508493891CY56089,766
53486435110899772JL42509,327
53817409433362862RV99498,116
53448723527880160BY15132,576
53381411525678174AJ50510,736
53628090677906144WO66811,736
53939045477369679SH13770,736
53692540735206596LT16610,752
53641486939505149HH85585,758
53271257738461953XV72715,142
53854100715204629MP91492,212
53989473071643810KP20795,212
53530089554303823OI45906,758
53366692214561315OU73338,758
53890866513708953HB79089,719
53587836755146937RN31965,212
53441176441261796UA52547,754
53947253821370241QZ53778,346
53905843658195054OZ53969,754
53290022350948311LU17132,737
53815019203918329OA97478,212
53641937107818152TA48247,770
53601551312082954VG90990,528
53456885023960579UR91101,212
53556858964142710PH60011,719
53420384499848916KY11072,719
53839857451759488LD75860,719
53905878090572085SF41927,869
53341026474890662UB37610,749
53664048529082165XL33090,984
53199309482661799NK82419,212
53739483534766224XK43435,228
53816268263444592OO91391,79
53402577363024323GN48451,333
53972980077289241TX87296,116
53326680592188123CI33610,834
53395284860145132UH78621,272
53601367302239063GV14772,756
53107587538098086HD80509,737
53583945285026046KO12795,406
5390821445937041YV69150,299
53493024870575250OG42045,79
53153087448409595OK46082,292
53402958592092104BG47468,530
53182940578779669HB58321,872
53767974997312822BX91518,719
53892465890097787FT89503,426
53181053598640487MJ96935,719
53795893441704036OV83515,794
53819675559554354HX43459,794
53929404609512988SO19180,73
53967386910453638SR69810,725
53458242821711195HI18839,725
53760834481001172BK40096,976
53908557416244268QN88754,737
53139938239802696ZD16143,79
53352393779392379CZ80460,888
53855533225532222OW30132,79
53464020830412484BK79154,79
53485683853235381QS83157,134
53287770152959154SZ96975,79
53121078438941949YB55579,736
53337006433139819NC30880,79
53540142101626473RH17719,719
53252387874889304ZB60791,986
53931439166391505AG42200,980
53416129739221757HY24733,863
53952993754085988QZ75800,727
53865076731435075MO70595,794
53114614266371920BH86323,725
53194259355228584BZ59754,283
53604525367013219RM47253,174
53933656082008749RP78721,725
53941509446443311TV93567,292
53479439193565578GK14760,766
53566830040461219VG46714,749
53806339218981733LM14490,745
53831601967517426EY40741,719
53361465967811887DD49866,736
53680897156547338FR59053,736
53376542078123816VK11153,719
53570956530106712OA71919,770
53583371860539532QP49640,770
53294556473580925WN18432,719
53782322477958808VX26840,719
53111228674715572FL46021,727
53252241023385409CK78809,976
53576202110486216PV70603,803
53365639585669743FP16988,721
53262908269836159HZ30748,737
53828414829021726KE90799,749
53980609150792662YA69292,986
53477802865312262DB55532,916
53480272463473871EL20470,79
53557954882847868NT60915,756
53825148236931849PL60899,916
53430005741518905YF28152,976
53102017862653196XE23315,756
53637198222489307ZP45477,765
53243355737352601XF42607,756
53845301180640989FQ81762,719
53539152729395463BH26233,756
53733190932468897EE54116,756
53385383070259771QL50622,756
53886547951141372MN67218,756
53337828417437798OR26077,134
53509661157912562RK56218,421
53486130325242152QN73179,927
53919008823577309DQ88980,721
53774602466237652IC70780,927
53224473165791098JM76431,927
53587054632417728RQ37706,770
53933497351166490OU48950,756
53133558179737365TD84624,756
53406307189594181TR88321,756
53560275837873314FA74556,756
53649069695219546GV27843,756
53343158998013433AT87394,756
53384812850502609MF68103,980
53593756043304214LM92264,737
53287893213159248WV30110,737
53182487492272692GF21609,756
53383406670949048CG78988,299
53475751404832577ME99421,745
53932759146679362HE81422,756
53544427715180534KK16752,756
53863118950015063DE54380,142
53138909536014118WJ31710,869
53522662272702764RN13327,756
53536724705339747BK98178,869
53963619737068847TS90546,497
53240615638633095JC38132,756
53378984234138709TY51582,756
53239165030985151FQ44827,888
53963533711163100NU92894,754
53657435519982525VO76054,719
53284602998739218RS44127,756
53788957547696001GQ58256,756
53834096523727192NY62760,721
53539053811758331LP48580,916
53313563372848422HA11804,916
53592911544604293KM85375,736
53304023778153506ML76344,736
53198567458564962VE73237,212
53517504544932901MQ31991,736
53369387259276671EA59136,916
53676996412161247RE69399,736
53293657044407199RF42880,756
53882630863197758DB12944,749
53396081592564390AI37288,540
53972850643060988MD43282,827
53264282550560064IL57788,977
53687187610493098SI72736,727
53732751100891416NE54627,732
53579452014049380KA94304,766
53973657333972400QT64853,766
53301500350124843AX41244,725
53829827555163013FO11257,725
53701213288434917LH11979,134
53607331061212284JJ77497,134
53658927758602649DV26285,719
53327921069431283JH10223,725
53158956642647352LY83936,497
53840595237590104WN28539,736
53194497539033712TJ33870,863
53711260670035450HX28434,784
53339559308728299KO19697,980
53777564310297597IG78487,541
53612094703937539DD98985,190
53615457939332541CB78472,413
53110868472033516TI28616,736
53140721632845636OG48269,299
53102603973133002YF20619,142
53496335925173444DI21827,756
53578936012768528ML82818,292
53840338941109310UN70025,550
53913289162858843EO87446,794
53695399070660032DN77275,236
53414428177124640AT21666,794
53149864865501403VS95968,79
53473135531588177QQ90428,794
53691117727391974VX12381,976
53674385121262480TM75628,233
53742019682182622OY16935,402
53430246530150601TL68489,402
53632271794680702EZ94331,866
53986605393459106BC93835,866
53126440634549666PV21759,327
53812689700543886WN52833,737
53436560903136835JD50412,212
53956168248066378IZ15478,160
53501732459974571MY95103,79
53288085428441021FZ75551,79
53151260525872894MK97850,719
53459591809594154AT17193,426
53685949204949570WT46883,426
53268934629965537CW38009,152
53750329480726681TK38024,754
53443370842360133IK20597,756
53262886610063340PR46287,426
53109057396988663JL78288,528
53986895865117313DR45619,834
53126441124237367QT37021,970
53152648158279106VP41916,794
53521738983167132UD44869,776
53262943211088544RJ58654,233
53239779740786356ON76625,519
53710581694217228IJ42597,758
53563256557595818VG72293,758
53444525949830294JF63739,794
53407783466151135MI84310,714
53206668440682476XA93736,770
53461150536597559PO55457,770
53580268014693267GP35860,888
53219540585009588OL33513,888
53801860304848475ZU61987,980
53593768167888766JC94109,803
53176701159164704KK65727,756
53348760690481833OZ58912,805
53697243913840406QJ57630,794
53363772245314241CX76167,794
53199151658821406AU67939,745
53336526647309281DA89266,794
53539981906869538XL12477,794
53821475698852616CG29916,160
53320774681001242LO38063,863
53514652114667997OE50006,863
53590038675228094XV26955,977
53717488814178998MN28924,424
53274590319634266KV66276,406
53620038041473933FS28974,721
53564615052605821IE62066,766
53166057736996392KK64017,794
53627573285472529LN38264,794
53214543635525028RI80498,324
53439821319736084SJ46927,324
53757219230773152EX44966,794
53831549214570307BD70199,794
53576785371974365RY74397,794
53337069657782443SS30402,794
53817263446507736QA84031,794
53246144012941792JT11646,756
53807696275386233BE44356,299
53419322043256076WR99241,794
53977742971011856UT43717,794
53828267927169410XQ18163,794
53165965206971996NN81606,776
53604322303370274JL71633,212
53621819048985674YK17660,212
53640287000908666ZC73587,255
53666372189371691PU96239,212
53374461231511025NX13455,212
53821641014878358ZQ76415,504
53539910739615308PV92080,749
53645543253776889WA29882,749
53219603908473163MR15144,749
53670091191532813OE81951,749
53585271176098620BA46160,307
53411862504765478DR45119,776
53425110907992362YS33526,737
53500598426702693RB36679,765
53249093601689865SF23978,740
53267879896877146XJ66818,725
53404133951760169TA32009,212
53887773990592308FX92295,725
53127389307871912VT35774,212
53633890800168652NH40356,794
53639335671729542TW42549,794
53108549545052144KY93343,794
53541184805710362ZR63494,794
53446290719938467SN83012,794
53749258567405367QT41280,794
53444240748384266VQ15875,794
53215939347882529BI15135,888
53496826519741204AM43912,888
53552988691045029QC96961,888
53732869827532956BB11763,980
53333792475884930GW31857,750
53359629417141223SG98300,756
53191513473711423XM81230,424
53141996490568126SH94813,424
53944753498422663SZ55802,452
53177511741113428GO97591,299
53720195147489918WJ76331,721
53406939890210188PN62682,794
53512145539548878JG31971,794
53581261783147835OL64230,794
53766464824194168ZI97173,212
53630429499088661WM53555,866
53110462318985975FT90335,212
53104857302436212KR37942,212
53881696575817242AF63010,212
53825425548448163PN62174,79
53197549719984049EQ42611,777
53976190102782589XM77776,424
53983943388191967NS52626,233
53851657053582650IE24276,136
53115125624062176KA34999,770
53293525695560923IB27408,166
53509826170384678TL77855,747
53996564256514578WB77908,747
53778508388758696KM26664,747
53819235686014739OT62986,888
53594174571099053IX77538,888
53332670216067886VW91002,888
53275988169316597SL10894,79
53514485633811690RT75245,79
53859206530445502JB97030,794
53694989501221185JW74775,794
53786618522715088TQ79156,794
53185951779568143NB87007,794
53208076270527808OV60528,794
53194032845215176DC73384,794
53581323757801269QZ42813,794
53610800433025946SL93204,764
53980621478339043RB85166,794
53743772754475764JK31989,749
53739313936740264NJ57257,212
53659927661853279OH91681,212
53246426152612015WT56769,212
53699655503981978IT97764,212
53177084756242185EQ57397,212
53943773162724884UE60351,794
53471396536436699PV78802,233
53787087454759757YD50263,737
53546634287399442FZ14169,166
53906731625155482YY32550,212
53662542337303556IL39707,212
53267503227705208CO87443,212
53409505807244396ZC78842,212
53780476094140018LS69410,212
53588291143395186XU10038,794
53285147679161254GU32602,794
53909014617995713ZI14634,794
53598113707917499LF45925,212
53905218608379888WS77592,212
53293178088030357LF21679,212
53769509938207953EX47607,212
53626199401831082WW52070,212
53330006163500161CD32791,212
53599187899582473MY79567,212
53533754805076523XZ52268,212
53597864269356141QF28158,212
53454649476343574ZZ13698,212
53472325675493257VA91252,888
53897619496161904IT13328,878
53323361703844737OC87372,131
53846138285652427YP32597,537
53340324960224125IJ78671,537
53847660586033552ET33589,543
53261039661620809YZ89264,980
53202252097141128JM15457,878
53966927321316215CA39685,963
53142280223217061MF74949,980
53240528386292874RC91719,827
53694102923515094OD47491,528
53479112495391432QZ99920,426
53447440878723419MJ19070,776
53958373807706198VQ19921,752
53189624352316764RY15966,755
53155055121864631FC14754,747
53634651762822127RK33008,794
53848245754699378MN51588,134
53602836902887994ZM87182,134
53204935619696520DA58660,794
53437517966263455WG61407,210
53813619821479576AQ83167,737
53531856181726494ZE10031,941
53613040424993511RE71786,794
53377647068129311SK12935,737
53839265489591939SZ53364,794
53852703936113429RQ24981,794
53823569052467246DK50089,794
53846351958929420BD31976,166
53117332416214105SC98731,794
53227719328223239GA22752,794
53944151539059856ZP73490,794
53303835186769231EN88713,794
53198630942429815SU80281,233
53372471501797740ZA12544,233
53413384824201133DH89430,745
53684948745298932UD21159,424
53483879843998532CW96802,424
53112455825404858NF47454,233
53354462562217548BS62687,152
53790465591550462HP36043,770
53207364695292685PK13556,770
53312003769363861PH72740,426
53913291140648490PS36737,765
53825546886700219YO96522,725
53725043325830276SY46113,722
53134943698013949PV43034,745
53793903203120427VB88305,737
53490827615424188CM30539,299
53553533354150850XX92940,179
53771992146241134AL24747,513
53482377884899895MY87862,210
53351673992337745ZA90806,497
53955098966475833KI23539,727
53174513305840314JW55151,737
53859879294350297NG29173,79
53852951772711600DI33816,79
53466360349128956MZ57785,794
53250174927544878TN13934,725
53691608708116597ON19605,32
53246532235802892UL66310,776
53254558398957978CQ60308,160
53980413950918255XL20275,242
53416661613063987AP81410,737
53933951966402835RA13066,229
53241110332622071DJ47323,212
53372932931380274SR76191,770
53875728967701509FQ41476,794
53265575931462447BO29880,229
53146600676194142OI81343,980
53874025958821516UZ47808,777
53206075890414269RL84926,424
53717989299034685EZ93635,424
53323913169619332VR84731,79
53278219285571317CP96592,740
53634351425064562NF46743,754
53714321791500437SA52307,794
53476217939288341VO88774,737
53978701993613858UM50149,737
53133744057206046TP48089,717
53687510980410355AZ25056,794
53267575893203466EX13270,537
53703404473465373FC76410,537
53394788803958825PU71172,497
53545699301375621VR88239,737
53660244024329503GO42475,736
53922918851799677CO24937,469
53366861782224928NU49589,222
53577019542413143QY33111,324
53319766985791429FV78643,424
53615088125691016UE36810,174
53706095643214554YO64865,539
53606657476201849HV67808,740
53162966743748142CV30452,749
53985106183511604MW11448,794
53648139523176538BF46609,794
53430464132062322CH38623,497
53375150916719454UB53803,765
53265335324397306WE31573,765
53542511664128330YQ69341,794
53391039859461329AO59636,79
53363046174253079BA62018,794
53525622207739691WY30613,794
53458020229184772AJ65869,794
53812094471231132LH71943,970
53312704582355308WV46016,290
53368891496569504YJ81999,537
53980616179987870TR54589,537
53711679886872900ZA90890,233
53740462908484391PS29252,233
53470723873623675LG90747,737
53839119435805491PV37839,324
53528429910425068UR16611,794
53267637518023033PE38957,794
53268732941086644IO63167,794
53206098724941414VY85813,513
53451797205397426ZX73220,888
53942163223412376FY38671,758
53409764668630184JS10893,424
53516889703223512TY53599,424
53364121194620981ZH56951,424
53218758194175457EB92573,424
53498611046989435SP32879,537
53376139435387726QP88849,537
53196690676527882BH94795,28
53828226112858618IM89239,776
53278527125828468VQ88625,28
53212596022990019VN71016,134
53326870583355655AV77526,174
53436678522464301FX98128,749
53872013471180531VT89385,794
53880461815847598GT55908,794
53451300864203334EA97257,794
53142125553973059XN36160,794
53235650013160956PV13198,794
53256618006360529DB33978,794
53825929735490280JQ54690,794
53552668133259704KL55920,79
53842554502045979AW53798,79
53864083241031529ZF32279,889
53788118857617437PL10330,727
53555620734520242QS43718,878
53924643234013962GK82844,210
53400666404050447AI90624,136
53998422553680808NG48682,784
53369637541902082OA74523,179
53835389830222878EC28227,537
53137348265964926JX20338,424
53989863664019387ST77804,152
53758700501834659EX51647,403
53533223173781657NZ45681,740
53525739956761595DW31430,794
53119368394273388WV41929,794
53336142066703309HT30855,794
53580457446768036AF72817,794
53159329553831023WA97260,794
53899341872594532IM24444,794
53612068088170403FS94815,727
53620319241586048EC39903,885
53239697865348627SV96815,878
53526229752760946GI28189,758
53486065666656893WO23926,794
53782240296450786LH63018,794
53144126619423976LW31085,794
53790639127579056ZY90121,212
53256217658431747PB47768,424
53177430937584044GN29086,537
53268180874323282SC81665,537
53295734229444978KL36515,765
53510214338294216CY72870,765
53693435889677485OB81354,765
53757730178267819CD67582,737
53725145109406308JA31525,737
53753544474859857CU53740,725
53292361115220814VV16411,166
53328994331570877LP32472,247
53787855088748340LX19960,794
53482648656207024TB10267,794
53450497645575193DG41425,794
53588840026631933NO42781,794
53661817950240402OH16368,794
53901180906342870MQ66959,777
53350038668180601JW57634,299
53268055875303648FM60479,766
53623643901910801KD13873,166
53280169720345920EH32065,290
53680555011543378CL91358,79
53790033352592121OJ69801,794
53295224343967316FU80769,794
53725370677346921HA46365,794
53641521517656970SN40387,233
53313485949318786HX57900,233
53874316961870944NL45056,766
53184142603310402TN63690,744
53749978878291961PL42049,537
53863650684920917GI80090,160
53372454072544156LF18098,776
53498948951950023MP69878,776
53836311814790577HB31612,160
53317267369408293UR30406,179
53141157141053237TS76189,166
53755852954346103TJ84088,426
53322402793853197TN62509,794
53644669973505416XB58432,899
53134314590656284BO70604,794
53887123929421356RE84323,794
53870897730773693KY77941,794
53272765892644384EM29305,794
53769937331706704IX97357,794
53804292202583341ZQ13623,794
53269548632014512PL46360,966
53914087472820199YZ82171,737
53217404231150666SK10549,424
53191716871335545RR81857,424
53105523392737581RX71625,740
53874513774051539AM30147,424
53229687548747812TW72987,424
53166623422466794EQ99621,424
53675985577202331YW68315,134
53916194351633197SM14998,134
53896100829068027CO61283,745
53758415769154553KG33222,134
53399543957515018UL81680,424
53760355268719538OJ15249,152
53574790115353515YR88382,233
53257066451258257MC78492,233
53994292608274758LK35804,537
53839472944651271IZ91547,537
53703367765860490SA58997,233
53416833665826507VM37227,179
53144980077485999JA82696,131
53556894075578534DR73379,131
53158063191154716CR51897,131
53294744501213032VY38619,794
53139206536746120UG86017,794
53493898380480882VW75042,794
53908402080672142JN94618,721
53118642064469456DD95103,794
53345639732033069EB33840,754
53733807853064224FK75347,721
53630245561903824QH85575,537
53982002027454477BN81939,537
53748616237334184HM13465,146
53371116796541503OW29080,541
53259264191086924VN87564,424
53910603943386568IJ62704,424
53850592328423206IS91786,424
53397258828778097WT23600,794
53435716488021145CE64496,424
53570599638065260CQ56193,424
53436959411775633ZC23706,424
53602873090044165MX94688,424
53532686685538038CI85981,794
53253940597280539ZD79586,424
53259077239717903PB61196,299
53533571233851974QS19681,745
53449415653218773RW75941,794
53129767842718727WJ44046,719
53503759118044297TH27315,358
53303395578273405FX24996,299
53373339982201243MA59242,302
53155103690230751DQ92788,433
53149492129280466UY13249,152
53440139968448993BY13958,776
53928912496713432BD32263,140
53726050636478839US56882,794
53702272843630790ID10438,794
53696462098824227GA80424,794
53490278020902187IQ72056,888
53288483825012817AB81538,82
53848169759244513PI87982,424
53270403416918939HY27535,233
53185940811741996JM11165,402
53551432500702175LX16596,745
53326584752371110BS27442,292
53914341561996238QD46110,537
53825017980230632ZZ90252,504
53984578603688500NR11017,794
53972051369538033WS25806,794
53812832886164877SB69619,794
53865099694086649CJ13810,794
53493138598896925UT50733,794
53584577229567285LC45536,134
53118419906083737DR86356,737
53232763614807502VG50048,299
53177444778359494ZQ35820,818
53736944704048307SS90451,528
53631807362615533YG86712,79
53373445942081808LX56315,79
53622163334032564WG16779,424
53483147042706848WY50181,424
53801640330807663RI54077,424
53508752057865433MP19530,424
53366755491536902PW13075,545
53642858480280635LG10758,784
53860537667765415UW82765,745
53380307571931049HJ49635,174
53310773631380507AL86228,150
53191058009706301SX80188,859
53154193304168748KL24686,888
53904944241548401CG40526,888
53696818015951189BL77708,497
53313828340024318KT48901,827
53947959325479394BJ41071,345
53386900376646573DW96354,794
53742009982323891JR50594,765
53188107327380867EW96722,327
53988669991476686EK97270,763
53760900606450040HN39163,776
53532525765570057SH10939,794
53418079618886787VG35994,794
53371720559207699SI24339,794
53942548062443086XR69559,497
53113500957528566OO29198,79
53636612049851116VO17781,737
53324918950576567EX25985,736
53980284150506753YE14383,134
53768368798721511RP41186,749
53584971344429833PY95143,212
53566929515191422IE90147,212
53508849849438945FB96005,794
53117075553324534BM72145,794
53182326419550536GL44390,307
53110244655722982FL49159,79
53505477682886946TP16281,794
53207602392371650ZJ18602,765
53324152731750187SL10306,424
53554833665058010ZQ36690,468
53484398459986141KJ37173,725
53370633613320170YH73005,737
53760150093782063CR53811,233
53798365196627420LZ43121,233
53457095974322115EN96432,233
53801728523106934WK34616,79
53660852826172316PU54025,794
53456008320237662XC95663,878
53856781678809228KF92120,923
53164683726464348GK45098,888
53147866939639079NK97202,715
53157453478994989VV86046,794
53929300734763088ZO49931,794
53942065732540564CS50526,794
53460061480058807ZT69330,794
53520909582128404HU84152,166
53739534655546155WY21230,794
53255630548639844VT16615,794
53381087560129992IW91235,794
53775524333538239NJ16145,497
53260394626127544TU21899,888
53964026100543665IA97044,414
53884788217426842HM63161,737
53861899354989384LV97984,794
53486378491692621NW79303,737
53411598880332761SX51256,210
53332427832701143GG11659,794
53668914371058206CV69288,794
53262960943195443MH41205,134
53370406872306621AT30894,539
53209748815005571HR69974,172
53266565604326954IB28855,424
53883785446155138OM77070,424
53107162262081738VI12890,424
53990554472219780BG20155,424
53404633630756919EI10705,424
53618485895858461LF41652,152
53969466463279433DD51605,424
53311204434671654QR40506,776
53678168422743320XR52496,776
53597586107844311YJ29916,784
53706219288277533FG42246,737
53844846666653549QG28716,737
53827380401525455VR25070,737
53123247464462133NI66326,725
53774505765298088GN96036,737
53447571864908240YU86462,737
53598754072981094FJ31685,737
53720783199794930EY67250,737
53463330900782774HK35045,413
53128383124088998US43776,737
53943990224983286EP39963,537
53803625791517720XX89898,266
53894511377350321KQ55797,766
53135605886092390NR42553,878
53251066331943606XK46811,403
53925451144564766NP37284,794
53436572483741838TX22536,794
53948364489248178SM14425,166
53195813310028074YY95816,79
53796444108027885AN72190,79
53799309992192285CJ14772,888
53926494801029368PZ21706,765
53643580458652767GO26190,166
53246319555395480EF58885,166
53894597809576426GE77444,166
53351565233934614SI33817,134
53808990986479558LA52813,749
53453330736348507MQ49456,765
53589183602656293ZT94488,766
53550150675389089EV33515,329
53355655556260753IF93714,794
53292241821087627ZN21003,794
53929195093469302ZX72446,794
53823596366480744WI76052,413
53415439856186368VN23780,727
53441213700649668NI82389,727
53986155192792481NO23025,727
53201512884038359JE15423,469
53889057975532794QT52708,794
53892185831830384MP77447,966
53792179365879583VO31556,966
53472399764575169CP74590,424
53304351656506968BO94940,424
53252790687831590DY98533,794
53141025432957404XD69188,776
53932871929338845ZS93845,776
53790852811284193PN20382,776
53545822659187192DP58932,794
53669447056027444QG99275,794
53587090768491566VA44450,794
53547795860994017MN84042,727
53236951151632972QZ92251,727
53615946761788376TT99908,727
53840534680453109EE49351,358
53536835880739450QO48555,136
53459274123356142NI59541,745
53706117221615230US23495,888
53843333007412533PC96548,424
53525388556674238CC79802,776
53865390744705254DR45530,725
53511796035705959YB20643,737
53576268452113708OD28910,727
53568727423282945BP44436,727
53706477817358653CP31734,727
53382158299446759JD95611,727
53162933328827474AU28492,727
53938819987619407ND77994,727
53961016944198343UN59835,755
53672016922606945YX61546,794
53161589781621990MV91710,753
53111053531678643HX83234,233
53519776253858161ZL79337,745
53854047262930259JO57183,794
53768873377082902ZR34383,794
53347243853758823TP62156,794
53430747574313094KW83218,471
53163731576868056HK56515,794
53934605564593916BM34328,853
53430771890092490RL81561,923
53258152481343097ZN45295,290
53518057555219271CA19142,754
53399680546371155QT44252,233
53598144813124628NT45510,233
53515439190395688XD86943,483
53855577764613226ME96247,483
53778951715058281ER52996,424
53618145550079065KH39325,424
53543128653107799SQ16222,424
53682159006494760AO21110,424
53773409551525396DC21469,152
53682209848973778AS15126,152
53904789655055931FA61136,752
53754329647004511VS50662,888
53673857478516716FF16462,413
53776439430325034HT12345,777
53349851312695718CW73065,794
53575517733199533CA97979,794
53952953014444259TP73445,725
53610954562039448BE33969,765
53190542634715752YQ16298,765
53457744689930016IP18206,737
53491156360207789IF18603,228
53125282504069082WC10073,737
53115951836240838SL99107,272
53750180196584654GW56854,272
53495539567396737GF33244,755
53168122328946930AJ89579,794
53477503024374080WI20514,722
53578147237724480HK15305,265
53755875295942980VB43497,160
53364362514284256NY41497,776
53243191528963676YG24439,776
53915183647799397BP87076,160
53191615931516106YX54784,727
53874597653418060HZ67174,233
53501345689151631ZR75779,160
53923883851792357NI37040,79
53381021649196414MQ62257,727
53775289681690618DR81861,756
53511307020379532KO86566,79
53572067946497196NZ30483,769
53609928036231625AT97651,953
53299588017764068OG49428,727
53121804791989989IR42855,329
53102956351744936HR39388,727
53577809887093224WC35531,727
53597630786088765IS83959,827
53608359999307379CD28744,113
53802896426918083EM40303,113
53427162938587726KB35314,777
53328663977223910TS82232,272
53704801675360410AI30208,737
53810232291514987JO50237,794
53582329775909855PI80066,255
53858147328069561FG40003,79
53343679742808596VX53355,287
53251697001338051SK50121,727
53937633487291941AS41664,737
53433358224761269HN99093,727
53594962507273622KB19190,727
53493946262673831LF57706,777
53743844505319133NV86221,287
53122603338136396OV47478,281
53295433862518584GC56540,287
53845657404473715NV50520,497
53266670708199097AX80663,497
53953540628867220VD37976,765
53796951015023547JN30459,765
53828700837389904SR29172,737
53525053847994695GP40932,737
53818232971769196SY85834,745
53295692644565816UU33374,228
53574015157497250UC56124,737
53405513371607740UN46876,737
53489796984280897RR80027,737
53666989623173903OY21611,755
53850292136458623RG60727,160
53139697492185617SQ73282,737
53471383700402475MF29943,737
53679184467255379PI63027,794
53314763621072010FF87250,727
53444691970402401HW20433,212
53811246566951418ON73426,233
53770748345335033XZ63923,476
53366583932385508TG60320,749
53996691403509068GU28305,299
53622043357532580SL76544,766
53877741981496133QM86701,756
53376579933044965UW46748,727
53510137103460626SJ41085,424
53120878711578698UE99784,727
53736897948780938CV32722,136
53261527029210171IN28731,136
53940385478482630YD12863,751
53729842285355480YU16995,745
53427641664921859DP42893,794
53191997566028377SI62248,747
53147884323275870JX27914,754
53454877540105632VU15398,754
53805640293597113CD39380,769
53920737107713385DY10304,370
53961065795307387GR76972,731
53895804525673124EV43664,766
53645381723916015QV32908,766
53685672545797210LV23634,370
53657446247003351SP99409,745
53275033233797161MI98012,769
53533718583067640DJ80447,794
53675000175556008AS61180,794
53356686395488416KR48225,794
53840129068670616KS22643,424
53298588944526203IT27605,79
53248095317683358VX95209,492
53500422332461584EY66930,292
53426044941751058ZZ42794,150
53950365607659602XY50221,262
53179606602431630VA92033,150
53150495099751841YJ95416,737
53671573714030917NI81289,152
53253271787083569AP39646,766
53995221224868893RE89363,218
53619604247629117RU31312,737
53115720703842275RG51855,200
53765806642418119EJ66434,299
53431814987888021JQ43059,537
53431512610183295XH87007,160
53670640686955809ZL49984,727
53178238380190669WK89237,160
53132065438770684PF31597,737
53310289680958698ZZ46717,737
53584805699906985WC56915,747
53320603313288378SG10384,744
53913071584325543GZ22288,794
53828676309802850KM39017,747
53770564752125887XZ44556,73
53387843317194292EG57624,79
53613248878022161LM58211,794
53898043631874155LS28869,228
53988171984473583KM52808,794
53939817660406004AU89602,421
53113174686133997HS84565,756
53180011794822519QY87560,737
53141012361395567SI38115,346
53347005796973795NR99347,766
53953461952146480TH48246,550
53789819189459305JG78330,737
53352779701455972NT65327,727
53948346750289344PO17952,256
53938147168385911DM41006,958
53135745795029832UR19934,737
53836855135485877CT56920,737
53146581455500758MR23087,737
53567557400166212KY41594,737
53367079217468577EL38452,299
53155902361001839VH16898,737
53302578323295228RB44644,262
53973561546872663OQ35565,737
53139072705535104RE53390,794
53583174313458399BR62657,794
53103201924818677OU84467,737
53251834251644987OJ12942,737
53919274436201156YH97757,303
53811118683514152YS25055,858
53567990223949333SQ74490,737
53730356764809147HN55611,894
53384823964971580XK71086,737
53477577816140202SS96594,142
53352135175655638PM14107,737
53194459546527142AD32793,727
53726334153607624XV81196,79
53142260811839170NQ95319,756
53664654846403607YL90802,727
53502665645188411WM29023,737
53472356290466052DE35268,727
53266969469781522AP95609,737
53352496382160572LK89482,737
53372786352714650KP43416,424
53992516386253663QI94300,233
53622642571439348TT98849,754
53568077662883700WD83719,160
53280006631789168MN80317,737
53488457081864883NK44086,737
53475884790652162KN56481,737
53890681198364592DN15241,233
53531915824958318IH15491,737
53580993156483286MJ21627,79
53858224989475420VB25522,794
53632178329761188RT24930,160
53534355082684768TP87705,737
53519983886028954IM75501,160
53999359419137360GJ25121,737
53868062561741177GG34884,737
53688896239710666DQ47780,79
53572732936783141ZM81839,727
53371982513175674AY52380,794
53842664102291343FM25811,737
53308243169198397XH72707,794
53566936255564097OR97375,756
53502249958382884PX28819,737
53926705345179907TN39796,566
53110018815275070GR85771,475
53279836164609685XH62782,784
53814979690593020LG15229,737
53872643190469858GW96905,183
53231658143545229MD90539,766
53240413842531002BK93019,308
53948204809400434UH20727,79
53985755943925170LZ29700,727
53999114686209716QQ37802,160
53339696538849157PY42272,497
53623286321749521CJ38508,136
53905272819665486IT64783,727
53585190259734221OE22112,727
53321156182943894RP38720,737
53743257590787273QK44070,725
53870015884616412MD49967,285
53831802681505384UD89197,285
53443593940506261TQ39995,285
53108742289640329UC64254,136
53179301236003618SW29740,784
53593902925752292VG39368,285
53639426574936328LS16136,953
53113017715528003VB19870,424
53338925261092635TE51614,424
53380704774283118HM53915,737
53434131796611824DA50534,794
53375593181428654BS53943,88
53146053596599523FG20467,737
53339392417977884XB95434,737
53976354077510494PR66728,737
53335304400054237EK76768,784
53862891743006294SF46505,529
53473956477210119EL11467,539
53131027425471302TM94230,424
53942175075929623JO28042,888
53563029281182649OR41566,794
53820911785928379YT84888,233
53468064232534989FM93526,776
53632665332938873MT53183,721
53495368266925752ZW73371,550
53700323119289616LF33794,79
53798886232942107CG86051,727
53637507700973618WH86287,747
53191236081359939AQ72983,233
53965739654605047JG91225,747
53506327035385050PV76183,160
53661144507615802QE78017,747
53549101172204530DI80510,747
53896435218614008SX62906,953
53221978751008910BE91906,747
53227406421690172TQ35352,777
53162867608466400EY77054,727
53717152152690093SA51887,737
53929325364292569RD70646,500
53502751560745066WE18602,413
53981020654722839RZ53811,749
53769548422105564NW58580,727
53404323071747672DG88592,727
53305597756364137OP26559,747
53180491609077910QV38915,497
53215679654133594WO10270,823
53710300219200170EZ42635,160
53753382756315249DJ64396,160
53618625613520261LZ51111,737
53597473757134298TO57663,160
53355460890190072GB20320,737
53139425426240648PZ45651,737
53576123152402402QL43702,435
53964039133550653LA88937,737
53326144769136456ZZ43287,727
53404387695324824LY32269,888
53341353939094999NS94889,794
53770754904433355OD57287,737
53869189773825581SS19332,737
53835690211047989AY43135,402
53704243467140998AO23399,537
53175524397079874ZH61811,537
53345426688708854GC32511,537
53862525497315003XS38019,537
53216503125038117NG95889,537
53781715758765299XV12784,299
53777034330022624ID86544,812
53667302458665444PY75209,233
53405855222182121ZC41082,233
53611522559414974OS73556,747
53206967348491461NJ16583,747
53894775839772173AW45999,747
53895695634297693PD66817,755
53942426745360966KX19448,755
53990263956033158RA42413,407
53478490640312467JP30780,740
53119627068630051SR95136,407
53154019220802719OG81307,435
53495817457083244BA82122,435
53607862046426770BF64630,749
53400956135707567FC20327,794
53599529918735137SD17144,413
53703794078946957PM22681,766
53577307471595749FP79355,756
53201446279090032FG70649,79
53571689301744392DK47280,794
53138512117037588WS39716,566
53206316384861850JC41287,721
53185301376606438VM82175,79
53230041763394871SQ47986,424
53722118435818386LQ87737,424
53578616909245277GO27901,424
53680478353972328CA58326,794
53703494989417928OR33390,727
53399758145099838HW58149,737
53767930293462870UO99228,794
53453643523826200UG36001,722
53701697541660668RH76253,727
53172163444810735KK99567,747
53826857798033491HC43609,301
53182719587598082EA73896,134
53940474549648925WL33124,722
53109465989443289TC63517,483
53975354825630946SJ14534,749
53250652312708622EY50729,740
53690231711191746QM76464,737
53521567148075063XB30712,424
53103984647879181YM10259,333
53949470422583628NG80391,794
53936178560824420QP43106,166
53746680142338427NA50620,745
53983614582904022KZ25935,166
53972663602729622TC88995,762
53639837907588555SR74079,79
53742140582434662SO28631,166
53642941946026558DZ94555,727
53232959424171439NZ96146,298
53932083938340141CY19694,299
53776283106080088BI46400,794
53702757694269426XT68009,794
53553634779750410MS63383,953
53172265906857183TN40787,727
53225557898683352BK91098,737
53256583311659841MR55244,737
53325301916951840ZR26787,160
53865700574954237KH99934,737
53983489798713977WZ30972,747
53260255574007765OS51871,737
53193192513137722MR92253,727
53357186932826486XY63475,737
53337374476226391NP24282,233
53610641594395720MH32647,747
53756097193960673YI72896,737
53419892323509034UH86840,152
53338853232973471UP68730,737
53428408015882543LR91007,152
53572808133245180SN99949,233
53133754862112777QF88051,737
53390099568505419OP92581,528
53583422082281681JA32281,764
53684092082023240DG87902,725
53212270806474988MJ42445,776
53871552259042453HX21082,140
53219382239536790ID48918,724
53842605154195254FJ99567,737
53537472861581954KV96915,79
53337600153245584WH29765,533
53363895999809327PB36011,476
53836290408756676HR61493,766
53380534563361537EZ10072,727
53500945709560064UW57539,794
53994664967820030PA68431,737
53151051727413515LO80989,740
53518524661322801CT39461,727
53434274176302900RA83718,79
53956844747515481OV43265,727
53621234545173076XW82470,307
53917540213057688JE22825,202
53485364460390431LL70763,794
53851636048933915KH45066,79
53503489986703107KQ77472,191
53382247301010824BV23383,79
53777119449329884YT33186,166
53291388852701090FE83176,233
53764547514038365RS71738,299
53208076564999690TD48211,233
53115792127514519AT46261,747
53201172723175953CE37717,737
53710943785903532KB56341,737
53753816798165857FB42476,265
53877065986699538XU59503,719
53391821608495221JL61814,528
53201331941021505MS55571,719
53361465923738677LZ45413,737
53293796093401916MZ67926,756
53644722746804372DU14635,737
53914048320611850GS73811,737
53806709578673443UH41319,737
53656836105193099AB34096,299
53857227795179307SX16794,794
53789781265490907RL72540,756
53967883938723025WE59482,79
53992056046562001SH44033,183
53505412231979492BZ20676,79
53501939035850404GK37589,853
53326897513749103CY53003,79
53751220176924496JB18885,727
53630543704151891NF99916,794
53734848558046487GE51462,951
53769687173360975XA82269,794
53824017734559914OS40662,766
53821831375493304BY10306,794
53900741767165935GG34258,821
53930687062304008ZP69500,737
53685974563983763JY56033,754
53146707815260383XI46371,756
53749479337525058NE93895,756
53977694741368607AW53326,756
53239256701418926BW71683,794
53223605574103474DS85812,888
53619419167114175HT89036,794
53962797195872576QM40392,794
53232058349222625SS74903,113
53766106762047212JX73155,113
53274522453108541OG85519,299
53321156623175088WG37636,794
53130445694124129SM89885,765
53143884026273330XC43224,424
53294635413673616TX51318,233
53223340888855788OV81612,794
53681985462201512AJ24902,794
53636484243527909ZA18991,307
53849619668459439TQ59137,465
53135996395454387ZW90146,412
53893578325741979NJ20370,160
53120060097961265CP40558,299
53221112546661343IK15099,537
53215196855051938FE45286,727
53363847485734583NH94188,740
53710678732945855OT34779,179
53180135381693552QE35183,953
53935340004143168DE93706,79
53584481962039580RT39551,747
53364041485580285HE56730,747
53152351735135855OI84954,160
53207595541779997AB24220,745
53742235518220358ZV40523,737
53191339758142139RG95919,745
53829363071936823KG43121,751
53397173505732881WF40386,739
53408689439596838EI78560,28
53404766614543435HP45649,79
53137384267262594UX80194,794
53106259144205118AB84563,794
53812237774907468VT75500,794
53758192017942306EW14671,402
53780235449867616AN35245,152
53299347047711790ND22137,737
53544576289367166CY49793,737
53855516642621897BN49791,888
53109357580307056SF11338,756
53189473882365186QT98508,155
53153853712548318RZ90543,737
53856370705293130JY66283,737
53366514425797722DG47437,737
53146199873569125RL55170,737
53347312497333990AJ96241,737
53928949211988723EI57138,737
53538299724247497UZ22259,737
53983255697691042ET50413,737
53582342792699075TU29873,737
53617900652803051IB14112,737
53626363642404248RN92180,737
53599165812610471BT32662,737
53944394277636264NL73740,737
53880314049430818YI48449,737
53186390241487711QG54239,737
53488477826043222WO65910,737
53150480034672283AC70978,737
53499583142819290QX38527,737
53447008769041821HD37728,737
53959599158465179OX51710,424
53299759009281962LB82695,424
53970648889497377NI63569,765
53146723967157469BY96687,727
53230728835509213JG34419,233
53203561868942444XR24841,737
53990990698089262PS70084,737
53374487463571498ES86895,299
53600801448399772YK89805,79
53837849718108225LO78506,79
53668888708060721NA30966,550
53678100874243157BP29082,747
53410820226690095LL47658,736
53950417433954884HJ59078,155
53666513758098854OE69522,174
53320746280598720KA32432,725
53732647962448125BH51635,794
53461589744243719UR34123,727
53892001675088318LG39705,756
53549585780365835SQ46264,299
53173510134664915MN47907,747
53996898488223285CZ24889,79
53427022416436919FH62503,73
53190159332327401PX91736,747
53778406585592793FR45475,766
53346705593793845NC89349,953
53966982851049601OU80990,79
53552465947488296CS90795,299
53599223144270025PU34099,777
53483270409476126PZ56049,228
53967601840901656MN40228,233
53178037132717091QU92347,737
53443516162752693FN88067,233
53490252871687088JI40139,747
53148772929141637DN21764,183
53944002720957421TW26854,727
53502593626507929GX13321,233
53590326660394632NH37975,465
53330480612964710PX40105,794
53200149092626384RI59722,424
53732174608930676VZ64452,152
53655583310929069NZ61830,756
53872896943246257GJ25350,191
53754458320922841CM43983,736
53572260653127620YA14162,727
53511885836017726PJ51820,739
53156510711185635ID24074,739
53539702015315001KB56114,739
53628750466701739JX54431,739
53118763259165350EY61611,299
53480405741163288AN10009,715
53245232699044940PG24109,299
53900580004268815NC97356,160
53441902815161845BL24415,299
53643837599494605LR84920,160
53509345357039046XN27771,160
53218960429912504NO82119,424
53994853308117385KE64193,424
53218055403117546ZZ46721,113
53674018230163006LT40269,739
53172042108898440FF23541,152
53913941882975919MV38574,406
53439350142808585QW93491,160
53622321409995354LT79938,747
53305973023967064HH18114,727
53469798859784317AT43365,160
53153523128065240OA13496,727
53644069528795662NX54455,727
53849953939987066FB29960,747
53764573219943577YD73376,794
53578564388870121YZ66662,739
53977094197403452BL31811,152
53667161242868197DQ71864,953
53183597564440790AW86501,727
53712959251611840VH10137,413
53211971289310117MF12077,413
53680507828723531ON43281,413
53701351476613987KP18201,424
53728759151847853RI21145,794
53430644011814740TA16885,299
53544322237148236RS16502,794
53634849528146956DR21216,888
53144864614389644PZ48932,735
53269942929101873DI15041,737
53634533632414577MI94755,794
53656095682873649EP40376,737
53511764378030072PD85685,737
53808844663254000QO30848,160
53318563842027709EO56368,737
53293035435469785PP63780,952
53530532600879535TO65788,132
53988641408655176VH47825,737
53540936822784484HR65304,233
53343521440176428DX57025,777
53791900650687553ZG30099,233
53179582091947842KJ34239,727
53355071694001732FP66001,160
53453276575592189FQ37738,756
53881679260895333VD23967,121
53171124202324811XS22320,134
53743255552248553RZ16872,737
53932872562139942SP50627,740
53111133117513950PD35061,756
53271873130398621UH44138,756
53439073360406888EK22232,794
53284809894348934TG85435,737
53724820310605085ZZ50669,737
53705277250058933FP82627,727
53963885483467230RY65970,737
53557705982433486PY59689,160
53415537986538992FF45610,79
53253634650562248FK83588,737
53939205031253974GH58913,299
53416744672786297TC63066,79
53895562473871312TX86728,160
53490138811601701TP46678,737
53562207074036991OO66571,737
53616296774221634MM71513,749
53786170593321352ME48024,725
53539760348706827XK71066,756
53792967437757646AQ44738,715
53291300926726930OP47414,747
53727884784512905QM40191,756
53867465724364027QL58574,738
53270445422359158BZ69437,716
53577466079338677BW59406,79
53363548719048217CT92440,794
53721924441553321TQ24065,79
53461651636877660DY21671,82
53934786378477922CR41458,794
53226288305174610CZ79868,424
53279766564468043RR46618,424
53802337486596671BF35692,79
53763001975955497AZ49422,756
53860028253150554GO46628,43
53585440026984173TL62779,737
53273952261600720MB78044,727
53189572756257214UL62475,727
53304087334148741DW69157,739
53581666989174828CH30075,737
53231758079046521VO69878,739
53948924105334228AX38045,739
53160618213003126DZ73753,739
53326812163202247EF95762,747
53951014259099450PH12484,747
53624875334235969CN25944,152
53174760784327484IW23039,738
53679796808252307JU25907,747
53662306891788157FD76097,736
53372192177005646RI75194,794
53877609323061466BP93648,765
53855641839784556XH61209,756
53479858260732692MF41234,722
53150020221233842KJ68316,794
53223446245720803EO68094,725
53578580783718742DK44858,152
53286783577774706PP45592,256
53153894760819064SC97695,303
53541027904637169AN37659,878
53403053554544894MM24886,79
53603393199029103WH79487,747
53832683496706261CB89682,155
53629893776405711ED15954,202
53703455875685214YP33318,755
53806772664501979AH52567,754
53734890360343143KT68199,725
53966332928868020PH34043,519
53807330828787223UI23876,722
53110164984468174FH24906,737
53201220888444937TO74570,299
53682597892943392EF54514,920
53193863714377650IV54723,747
53371865790508953MQ65463,747
53298211337261105FM48010,747
53427840948054992FN88088,870
53375844492031724JD78995,299
53159943510300909TK23275,748
53890799917845194RQ38023,749
53117033437594535XZ89075,299
53481544656033900HR30302,888
53627577448198229RE46241,888
53764403558132813SS35895,878
53524263262797250VL67339,738
53871447906218525GQ30018,794
53648204297062822KP76893,888
53263895307558151JX84522,756
53485093911946759PF20817,756
53947658887132525ID79128,756
53569363992846173KA16904,152
53612435276144232JY74881,725
53748186824571368AO70869,747
53187605974056679WU53712,79
53290978383249343CE97538,756
53555512271231256UL58743,79
53946959629392297PS33977,756
53644259493449083KM24222,283
53894431700910008PE71068,136
53266967857017783PP85319,858
53887029376712332AD80739,727
53837526460437298CK37225,424
53279873309592363DQ23892,737
53900420639883785HD98924,737
53459855763958730ZU65828,299
53476632984276610SL80495,299
53911758840543991MP13446,794
53945547230727396LQ84572,794
53600906748567420KB82058,794
53484650400227358IM88863,794
53780616771562378DJ69793,794
53397037769982511PS25642,794
53664925472139639FP97477,794
53300101920907340XD44288,794
53111408064922359UP10659,794
53272599620641515TR68445,794
53234015633503832PZ15603,794
53717082502638861PI19456,794
53930302520579206CI86634,794
53850739019059188WL17757,794
53925821191164689BQ48252,794
53670986154445543OC76846,794
53271404747610337MS89097,794
53490169866524338LL71474,794
53909738893661300LK83645,794
53247676459393822MR82285,794
53664100310061465MY18402,794
53486329896199019HX91817,794
53292428738474967XZ19149,794
53498007532958661UC50732,794
53700517144017588BT50608,794
53300685952374365GU46170,794
53517460995091245IL33052,794
53327681346077852UD98042,794
53368238288906467YX53268,747
53673954179236267YG78632,794
53401471373398910FD60713,794
53532569511485595IQ88053,794
53391200324664203ZK51043,737
53548149220434917HS68175,747
53686016140145945WV54711,727
53863139434937352EB71154,727
53983158870676142SC30532,727
53933620870048077PX78114,727
53270736904791333HO68235,727
53968231880022259VO94281,737
53958145642887787XC36337,79
53760768467795624VQ81344,727
53997198515882069WX70950,155
53490908623723322TQ64124,79
53389687472195155JM35893,794
53641831086425763QO99224,794
53909923701277167HD25883,794
53829455479635524XQ43946,794
53974627118543956AF20770,737
53983232460868681KH97220,889
53828053637850106BP35821,794
53293481643901673JV39056,79
53288155691871434FC21768,424
53658495577786864PF80210,749
53919068702546575UO82172,749
53639843691122431YR54925,152
53608313195564022IJ41975,719
53115395367545444TR75138,299
53810059778639631VP31037,299
53701914719311883HT86710,299
53231221350011444TV96908,299
53897289691274548QP41134,299
53922475705377155NA75751,299
53739216528262236BD43874,299
53525672784209653YZ30028,299
53449032782007002YY17394,299
53428916055740473FE51615,299
53720557004498138JP49639,299
53865287317947776HY98140,794
53707045034622513NO33740,727
53896358645522251CI11714,794
53854893189654178OS24426,794
53498315950240945AB44256,756
53582133541600124IZ60995,756
53988995776368048DK74228,715
53342323134156670HD41834,727
53989511837738084QU80913,754
53814582680288629EN19022,754
53786872422164205IG64558,725
53221166382851118JK15416,754
53791207572719541CD16499,754
53424829672270975LL11663,725
53937542248809791MJ25681,754
53401252910095314PI13018,754
53851197391547795XO43398,754
53784825911654631PI65237,754
53171837304999346CF56119,754
53309567891982918WL49662,806
53505522179863774BW12962,754
53718029535765797LG23196,754
53596355008040352WR33594,751
53432580775453618CZ58237,425
53727027920428882EX52383,754
53213114792926822ZC86912,725
53278592382611562XU79433,754
53807899747233638SF30090,754
53272268115153971IW75880,794
53369919973852828QH24101,794
53281206068035155TR43395,725
53574334935216283ZV85788,299
53639692648442502AN99950,299
53721732990744658IP92769,299
53701711007702343VD41699,299
53646012577732555PO34078,233
53248071735567586WA37554,737
53876744401826058DC19782,737
53394431051547701RJ20933,737
53501351021135124NR30026,737
53270544930448392NU89922,737
53524541818701919QU33007,737
53796919374311326GJ50524,737
53364628825077206PX81130,737
53616531040811181QI32825,737
53890014525852014XD69270,737
53335091072505056QL38125,737
53257121635426091ZJ96658,737
53902880259819729AJ49660,737
53398618609302787CK43445,737
53630714023691368TC66644,560
53375793104437559FP14875,890
53221937172679007XK89193,832
53480546868455737BP70037,749
53639637777915719EM42840,736
53584010171781757RY20953,763
53567675651971931YA61657,749
53544107236070486ZQ75067,765
53446982542022392DU75080,794
53116914250024282EZ33493,725
53679586093037696ZM92729,765
53664040115187807FE56093,763
53427688845065286VQ30848,749
53259620529383193QS75190,739
53760783185050499AA40034,736
53725528842967942FK45111,749
53486982102045689VK75996,749
53584578822116184IQ21259,763
53421942393084220LV56333,424
53416190746236873NA53406,749
53109537071630294GF11554,794
53435014362060772FM38426,738
53652104701636938ZA91891,739
53320630076541285FB19104,736
53496766026841236TQ29858,737
53278683551006942PF10896,737
53578198778836181NC29583,737
53232196524992478ZL91559,737
53945123571791267NS58146,737
53871102813219051QG71765,727
53353429506273933QT45406,737
53913402898823894EO82746,737
53186620446001451PU52456,737
53493728703662011MP19944,299
53510447125919071BH73592,299
53741020693518774IA38659,888
53552560680898149EN52845,727
53307417563586724TQ16603,727
53562927265399973EZ74484,727
53184328026067336PC62509,754
53572755106559145KU68807,737
53476306607032858RN47021,794
53156300667769257OX93958,794
53241783413392690DY19771,737
53240639263312033DQ50015,794
53674092100799840BY19582,794
53588009793113627NJ93943,737
53382418935269748RI76467,737
53244449533716478OG18819,737
53555981017054149JA33320,233
53956292448527952ST95217,233
53594268231106378IA64408,233
53885318552881874BA78624,737
53767588592457582EF87874,719
53795677676128854ND72657,233
53661185699948504RI88499,530
53287353063825324RT29420,953
53628892236234081MU18170,737
53245079240648771WV77281,770
53528857984980852CC73795,770
53833848271218619QM52599,233
53938752084966958RY29399,233
53163602286241889UB64017,233
53808002936809182VE96224,424
53825172748156353QI67124,737
53699697106534770LC11658,737
53833447677977487GZ51161,737
53517606140860385JG11849,152
53473163842227572JC11099,737
53158630014514277CT75204,152
53104973096133788NY83091,737
53413839586586397VS48400,737
53797374188181868JZ57916,737
53633847516102979LP21192,152
53951236085654621TU54516,737
53870246157965089KL30599,233
53868466548069805LL90672,737
53561873614402005MP90088,166
53866417576861348LX92569,737
53285382974401870IN72935,737
53991484358153242XC87798,794
53823044041267973IB19293,858
53368002497381932BL31744,79
53332381214402861BL53575,727
53987507075195769HB90259,727
53517033103421554VO50763,424
53356264387221594LZ32530,747
53448383533808572JA63669,737
53745214694614446AS22024,745
53101239722426071VF69734,794
53735504679030662OZ16368,737
53592214507589015AT60150,737
53286605552695465HC68444,737
53260567049049107NG56203,737
53696653018004559TG85740,737
53254415659062080EM38337,737
53408568222876860PF71386,233
53479848513999979NZ66077,737
53441067336850999MZ28214,233
53478378052480110HH62443,737
53207657668731674BB11218,737
53882957070248294HN64020,233
53291315254379268JG44106,737
53584438111220589CF98600,233
53545385228988775FA30839,737
53542023365404861YH86296,737
53133401064330567UT71347,737
53992247026069403UR81819,737
53175708477980343BH19401,737
53634610994669860WD66563,737
53892247981937336EL24486,136
53692584316588635AK54863,233
53145562227675912EB25628,166
53521208593479740KK61066,166
53100784145276877VA52673,166
53216770249241048JI16614,166
53143473583092170GS71552,794
53719907359921263CL23047,166
53634587541964035TL97942,166
53651485469348807NK43139,166
53936271705517051RB54879,794
53441231959211830SM74423,727
53137139989798137WJ99061,737
53866299457995458QN86965,722
53165019114407181WU85234,424
53409186788721124IX57252,424
53804702635960938QV54443,233
53971701102759853MJ69830,424
53358194940236966IA44773,777
53488480873752831WC52141,756
53734308052919360UA53059,160
53751823194952613EG22932,737
53734343334561287XU19511,737
53871728927679703UO99399,413
53839424749757348DS25474,413
53524250858167372ZT80676,537
53140854923101125CB44883,79
53383696090186287ND95530,737
53155705815380130UR74913,233
53467586591974276TP35888,46
53981132774019075IA97767,46
53618731894780015ZR63183,46
53635364448421768DL32004,46
53135426505114817KS97415,40
53679050483242266UL79075,46
53606883143868109SG75747,79
53702903011913635QA35378,160
53222493200573290HU65419,46
53458107430607625OZ61003,101
53234812149923498VD60973,172
53149183030986486SB75433,101
53437322645134945YS67357,79
53634234389147332KI51334,79
53515511175254491KS96783,101
53716745199569769IP18425,262
53953864619349509HM14144,262
53360627079889011JB53076,262
53497791655915320RS44903,79
53141637960496117TN72829,299
53923228778769505HM86625,46
53986417831957527SN35995,43
53124753541767767VO79668,40
53342841963185110XY15197,120
53805839987373848BC28163,103
53167438436829704FZ49217,46
53155106557476196MV39394,144
53941022680810680DR95008,43
53275476572025669BZ63060,165
53120562507662397RZ74534,101
53183092811035256MG24938,40
53291172545170143FL92669,299
53431803476148611QJ58982,179
53844889331840841QO42073,299
53426175253211609LQ38576,101
53332890691528419UA43340,307
53643733764408722XH80304,101
53341558362272854LX19040,101
53293914792563997HU97648,119
53689766104622916ZD99179,101
53822574073199477DC45756,105
53219254923248533RV20395,101
53327074193110655WC56213,43
53529276276937590VI60835,101
53852888904537800UN83851,101
53553260858963544CQ53341,179
53701682491117479JK87227,101
53545086902104144JD82898,103
53227317914261065WI56124,106
53794486443914839SH26542,118
53185838396331965HQ60739,106
53501795194986039SM30030,101
53309676008703678HQ66376,46
53300613065366562VI86318,106
53619680943050278HY75716,282
53606133262103863SS51332,101
53557604188815302UM47211,79
53194535901584759WA27382,299
53590347828519001OX81998,106
53305855991514515VZ22845,101
53279774852021834VP13518,73
53306496124100934RR82166,101
53848078301357007SG22110,103
53249442702187210VY78754,299
53392224900025745PU96341,101
53522829760725567SW75436,101
53207091118210649DZ81675,179
53744721691563205BT39520,101
53844830794041055KX29687,101
53580778812739244VA10384,144
53933585009287834SQ66277,46
53276329680366335AQ40919,149
53165199427549410EN43976,101
53264757314223214TA69449,101
53221769793612610WJ97293,46
53361864736530315FQ11816,101
53424872893697524GJ40959,46
53319525110193209OS77366,78
53663448466281581VR55789,46
53133703196044768YQ92866,101
53564349881246160PP66588,163
53976093683166580IM54923,101
53696005112743150HV77005,46
53893204869146039TN79131,101
53360296530627937SN98284,46
53355928920852177JX29574,179
53278401303109645IM96656,144
53967711378500558QZ99729,119
53195279650685649ND35652,101
53712220616385445PJ24772,282
53781481073422551NZ33735,191
53799641307015786RX18345,119
53946412450385388EI19167,163
53527229178848901JC63019,46
53188462379513516HX21400,46
53420861407952608IV38502,46
53372434656129303FH46222,46
53724963256448866UP31238,128
53754141339752919HK33880,263
53430298871345635LM89843,179
53972722890845830XF16154,179
53167538959530891HZ15228,179
53701350219341676YJ30694,179
53881234211189232KL93483,179
53837809944716878WI77253,179
53926354459990367MI88902,179
53390172463059010SN96019,179
53511662594691322RH51500,179
53394192341096051DI58647,307
53983264400871247SD93460,307
53726668827015188OD38817,262
5398172102454524VX18546,262
53319649702447117US75094,262
53531583217100798MA85313,262
53348807273703121BR52365,262
53146687890799480EY47223,101
53611553803809447DK95347,160
53394682630919962BN40770,160
53149935584368984ZA58235,160
53771225802613214HD97643,160
53183322911647406EE24073,160
53503074521769286PN78454,160
53183355191927287OJ34692,160
53545272984601594DW25342,160
53731042351912436OO10416,141
53666085209873780SO80897,160
53433224950094289AS56075,160
53159827123577695AC47171,141
53620425579648796MY13091,160
53361627484353656ZS12992,160
53215965782164251JK78086,133
53872332455026133QJ57224,160
53907166427037132YO66326,160
53491903636672339GV48408,160
53575282911438612ZV36075,160
53685490651847820XG60912,160
53990237293283149QW19622,160
53980083930843674EB55395,160
53258003750659196IV38567,160
53506534976327294FS69289,160
53577555203000583LE33379,160
53927550898451321MD14268,160
53148721268905086JV93011,160
53485901153792801UC24531,160
53875684352200327JZ77308,160
53360717825593184YK50888,160
53783552523628011DS82242,160
53165744560832508AJ35518,160
53130899991758282NW98346,160
53857438742034134OP29711,160
53220488731840339IV61270,160
53119026445312309FC87380,160
53991466669733714HN10380,160
53620956614060277TK67765,160
53586542963968880KE63881,160
53756043133726079KK30291,160
53349552891219131RE26334,160
53440431140226244TW31046,160
53290820262953186EW84070,160
53619995971200186VW72582,160
53415507588599542RY92636,160
53492826656284400UO17672,160
53451816686038371HB72216,160
53758304769133706NA22466,160
53140245796186341MW49589,160
53199890023414354QX22104,160
53685671169563566IY11392,160
53802213729853129PT35312,160
53831710778781108QL89974,160
53910354594405754QB21797,160
53570521208174698YB41674,160
53770867023955496RX43569,160
53436551526218544VZ79606,160
53738720187553300NL53947,160
53437488442686345UF38236,160
53170122139401195MT19548,160
53348634608944113WG72154,160
53757439694082158TL67884,160
53763008014263324UF27561,160
53444198073586976NS58045,160
53108603871514391XU50643,160
53969637964030159YL41819,160
53436148505070808JR20877,160
53975502165964328JH83611,160
53359685666073507FG78960,160
53436443736879969AG85212,160
53148020216202645JL51356,160
53731268139074876KJ32606,160
53827856631041006SG35234,160
53149911441666887QJ18279,160
53925008152836802IY66965,160
53758794809357453YS55301,160
53785191240315896UX87763,160
53106962718082548SR92993,160
53236726636433180GT46266,160
53624513931746616RM48170,160
53407273722578132KM46105,160
53595051759998324MH25072,160
53294127677902368VG31836,160
53316652663638819CP48328,160
53182406752334349OP75371,160
53150880483151606KC77495,160
53317701028777716PX40639,160
53844963663859868CX44616,160
53737822770119569EA73250,160
53375816620607791QV11052,160
53971187740108224PU40259,160
53164689508544066UI85695,160
53809294111184739VV87969,160
53766799838954741QZ42162,160
53871725814574877JV14882,160
53242850525645459FZ47565,160
53601052369876117MC11526,160
53562550893891282IC74191,160
53295989861390343BO34015,160
53189600212714756MA50975,160
53719197651741211KE71644,160
53760167532058409XE88008,160
53579672146413631XG43534,160
53753919698123354NL17275,160
53837344608322297RO20889,160
53513070965843054AX33943,160
53332766963812121TI68325,160
53635120030649143OT64357,160
53890405276166877JS39233,160
53145733140341333ZB70962,160
53741837362593973KM25872,160
53921726591856273GJ27076,160
53868654650283554MG84555,160
53968273912759905WZ66430,160
53716842787267722KT51887,160
53462724482018872JA60893,101
53657994091207479VS51344,101
53982133569475119KT39149,101
53683875759095085RT67982,101
53543847814068510OZ59101,160
53251904343181106NH69262,163
53612101118211873XZ14217,222
53336703067895101PK78996,46
53123099561324936SL11529,160
53775773215988426JN11216,160
53425284813593951JP82753,46
53722103327772918ZV76433,46
53807958870435889YI57605,46
53541348988238339RW95607,140
53292277741742217PC71873,101
53892659776213025AQ92149,101
53621067388220552GJ58247,101
53387678098427636ZE85796,46
53871431306725305FM94321,101
53873214808563443PF97639,160
53104998992152551IX89689,160
53517946714939230WX36764,46
53887417689264999WU48649,46
53217308977914166WD44895,101
53552494855155375PF82566,101
53323323237268414WO42226,160
53735019210651338GC68022,160
53495115546696169KM78181,46
53962868729527161IZ38620,119
53662872177631377OW74185,46
53622712625295542QD60718,101
53175072658907340RI20127,133
53609293825741864GR16850,101
53627187313775803FA94437,46
53365477578163461SF32016,179
53327699667581799CQ37129,179
53754058905114327BJ65385,179
53657069013032388RS62528,160
53802893791107476BA13826,160
53958209524240477SI94730,132
53395026502338748SH98286,101
53773724476433839PH77292,282
53947834213039533GV49923,160
53226970001812365SH41426,79
53633310967367389BB41431,160
53762791051589064TV67410,79
53569014800480086QR39465,101
53561574510070296WV12088,101
53937442924055026OF97322,179
53419409242496022ES32517,46
53513977660717329MB43610,140
53501091513859868BM59837,299
53375447065062052YM99287,160
53731915158147183VE85629,46
53198571477804787EQ17269,46
53305650900342415WH45659,85
53400928040731942SR25370,160
53256618625534840XV16867,101
53229017394026809HQ74871,282
53598956743682787RF59487,119
53985181913842098GA61412,160
53444599304308043MV15199,160
53508402453976510XF74590,101
53533482866598690QU87025,101
53317241394033185WW83786,101
53561252539834973QV39149,179
53197746830134364VG47841,179
53235418070609182TA20494,179
53363285595135966LN27959,179
53858766763808318UA31070,160
53977645406172100ZF56833,43
53363351662674284NE44531,133
53455906847433585GD56078,133
53431750733073505YM89786,133
53249420538561956IM71512,133
53147082405853489VY96776,133
53533844054376586JB47888,101
53698428447479789XX77674,160
53181071625248436WP62141,46
53696837388122476BO65905,160
53179689162607748EQ60777,144
53190681015202234HE82425,40
53251552238690482RV65716,46
53327800479630546KL62467,43
53912185838570967YX86708,37
53720989056514879LT31955,160
53666587896046754VI27618,160
53665721923240908ZU28987,179
53965582736855328KM74018,37
53525941426725964YW51473,101
53642717687557900RI44234,282
53265647776797364GK18496,142
53726226837729591TY49739,46
53485613067759578YL19949,46
53363339909455121HL13172,46
53525488686629059FL87030,101
53645263084859115QA13775,46
53624841622099207DZ17976,101
53493933309147623YM75533,160
53562901448978630JW93048,160
53755472184345573KE19155,46
53910518298125556CJ46067,46
53505441867990117FC76980,112
53399637305395517NO88754,136
53822999104382125FX78804,101
53816716527441196KQ87646,101
53340839844895545VJ86287,160
53141153644359584UK11439,160
53393045945979101NU97668,160
53265608137002012BX50686,46
53419018793108826EQ94078,101
53979155032448905DH48580,105
53557368069250202PA63027,43
53697519574503716HY69521,163
53699752031804027CG52011,46
53296123434831457LC23977,46
53117866916794889HY81689,46
53126102112812633FM93860,85
53591389589192812RX70011,46
53564513229448981QA28263,46
53246841832118970HT91737,46
53107646685362812QF21872,46
53740461640502726CX49919,46
53908308295190606OS54919,282
53984044080460814NT72356,299
53502453698374631CD16043,46
53525162848900022SH21174,46
53988540027003597GA99219,79
53490115124165105YA90511,263
53609385441485118QK84945,282
53335535573108554FW56212,144
53912652928082303CO19642,119
53507143265762565IM23924,46
53831334629236605YZ34813,46
53446575497572269UQ51434,46
53274089012628424XS66883,101
53146815151497146EE66694,101
53598152458707922XH50291,46
53869586514566654XV17233,46
53575889121328292KU15032,163
53148272707838874FS71521,46
53787972692241189KM39603,163
53159101712733789IL71252,79
53192834910012015PB41279,136
53227793794574662YO70190,163
53371063899326491AC41815,46
53878112230677634IX95049,101
53619222405854608CS53176,299
53958846554555347PC13260,179
53211152004064940JA12153,46
53367367139505686TI44162,46
53428871754386353JR65813,163
53558994208556374YY50476,101
53203581997627947VS64634,21
53630741655101792QU54697,46
53307608156715103SW94329,100
53453288344036949OY31931,46
53995119767098389MU78844,235
53345867069382644DZ83679,46
53564638989550864NK56866,46
53684751999288491ED20947,46
53916236278754341QL72295,155
53255101395213599YU11232,46
53129697769369387GN75857,142
53272004922521080VV47037,46
53756945450013198LT69808,31
53755849362539579FJ36249,133
53418813073207834ZX31526,144
53213733032583100KG31221,160
53653962536195212MZ18304,179
53671157507542214IQ85964,85
53847227872879963FD28162,149
53300841311297824VN52507,119
53958069824888814VC74665,97
53944539355725029VV75855,299
53772988618020625KT26972,114
53979935142546462UO47469,40
53201804772203782NS62002,40
53489777740805208ZK27183,97
53392455562930818HK31622,113
53805094575955758UM73135,78
53878995831916450RN49089,87
53936854967755839PZ88660,21
53884008030270786KD77491,40
53126908079194735QY87203,103
53273450610355836MA30377,120
53127887682546901EY64652,132
53633948442395204JI57079,132
53860724086795055QA41634,132
53400291813623935TV95666,150
53162098850630020AF21955,97
53697679471980754OO41591,132
53240278704946565EF52482,144
53463859972093756UM51518,21
53623282142201823KD30198,21
53691909684587634CG41252,144
53673286760033677AZ82256,242
53821317654984399LZ10076,117
53955663761744673CZ37670,120
53111446258034296QH73726,100
53989755346123322EB57736,37
53231991509868411HT27286,134
53789400644101207XB50930,79
53885388561358036NR35930,144
53932588154277239HZ60730,144
53120043980491558SH78267,290
53424755671038758MF97475,144
53509185683475317IL75064,78
53749101921649789FG25648,105
53170099768775813JQ73160,134
53933310321723239EZ47159,78
53235457571767841KF40871,40
53278285714747507KK36045,40
53153050118660890HL70303,40
53219069286759266FP86284,134
53116406865135532DV74778,113
53814602200277100CV82679,85
53943733650398344XO32939,40
53743932572831276MM55443,40
53315715598751374SW90963,266
53235731328969612TB36305,79
53844222139854596ZC17157,235
53929928500989217JO12602,144
53590808751937646ET42588,144
53535280827206719TW98881,101
53321615430809869BT83680,163
53517567511838297XQ22624,101
53569129111733583WN99619,40
53150756765689455RU63497,163
53967508493834196GL14065,235
53891322644867209YP56819,43
53119788927292821YE89318,128
53843424975708801YJ90230,46
53524803972417716HX45296,87
53506610428148434JE72163,73
53303454479146677FW56490,163
53302912651350041VX11653,163
53770738407473573FX16374,85
53250303876901159RD65203,134
53427149596217682QA84328,144
53460926725569508PW65724,163
53566939339477074VW45441,163
53241288843462524XE40538,163
53846525460280987MW21890,163
53140012847405590GO75086,101
53677035573954391DJ29680,194
53849480244112729TK35398,144
53442103224329242CF56516,163
53877157124511965JC26755,163
53336285603516158IM75508,132
53943761120493127NO24136,144
53625279416896987ZZ66888,133
53670014903997891BD81892,133
53701416524213367IW52897,133
53397182126813450SZ22413,133
53723683576585548LX75917,133
53374958912874545BF83808,290
53445343452818876JT72891,46
53595174886703261II44830,78
53501673580283855XT18493,144
53744955611562548CX92261,292
53122566899720252MC52452,235
53984470841015224VG77830,235
53729557423427848ZZ87647,144
53630382733280575NG70129,235
53194060760773571CT95634,115
53944616698985021QU41633,149
53714210799756391HA60914,85
53316836729599864TM77184,85
53404825844412914MP51805,299
53494088564259881RS11445,179
53424233274545021BZ92151,149
53530589094982677BW84738,149
53794616870620644WG61081,163
53274781797823374ED31273,160
53928173327176048GJ85265,144
53212250913035092YX17814,29
53733465660018894GH42090,21
53237612032795625AS78132,144
53141322575189063GJ36578,46
53176606837377991KJ23674,46
53387523019079420WI95967,101
53806435902120906LQ69884,144
53257968499348629ML50754,118
53639623371271547UG76659,235
53366318727981100YJ52739,78
53358063716771495WY85644,163
53710690491360577WW29931,78
53583584109710532PR58164,149
53879179936869028OX83367,144
53261588788622559DV11015,101
53627556910493483YM71516,120
53807678839674872UD15412,144
53683197001090522ZS74099,144
53612064948327565PF94026,78
53990745186517163TW67961,235
53987803906030999NB43063,299
53353387246294254EC41053,149
53777679227544034ZR95434,101
53654452330445869LA61810,118
53362569242701296JD59446,120
53623094129263031AZ44212,144
53708136543420819IR53930,97
53758066946853498SN29792,144
53559826154510495QW12379,78
53190241742812726LF71325,78
53349536779821008FD38667,144
53893540647698923OY17615,46
53719807410842304PR65203,112
53879173482125607VU74096,163
53784398738285010SI10262,163
53272658729141976MA83232,144
53102919829707381CQ44182,144
53993853622869413CH23905,163
53560593236294122VS18955,144
53304545358788735MT90602,97
53278191967902047VA33309,144
53677922931207078SR71818,45
53739687260150893SP98159,101
53712954290103342PH11128,40
53278359961573628FL19360,40
53213380378593304HI95781,78
53732856720460447SK84275,134
53228935668634666KA71403,101
53597956876889166AK37766,78
53226684017127858RW79113,163
53527923264272079LH15806,163
53903848782381437KZ51862,46
53912332299780881HN26505,290
53571767655048570PV12840,212
53858006781584840WH98635,88
53103080587954878ZZ39282,46
53722696312450988DA43734,163
53241749734442771BC83704,43
53149439886679872FL34705,43
53874822133237538IA94049,144
53257281579962375OJ90617,144
53980302318726057BU89666,144
53159448609007234LQ77066,78
53817079282158358WU44389,282
53445571575828744TK10682,144
53477456631211507WB50217,297
53192952277122107BC67458,128
53213726812295337RR77424,163
53893892180442272AE49062,78
53948210454633403PB92024,79
53694964895549342UT50038,46
53555571921612785PP73266,43
53144112072625674FK37985,144
53282947044588867FE15596,144
53679052341312425PZ62746,144
53689101940779296KQ73292,144
53164405361111972HQ46317,85
53625437350284063CN73474,40
53798021478495734BA21862,282
53160239546349127FN41268,150
53613628319583791TX84461,21
53940973812408707XU35746,78
53190530487891603HR23108,294
53461074969116524XK22243,179
53613912166802312RV78792,78
53790986846873932VG37860,117
53966096008569194LO40498,144
53929491586831474UZ42625,299
53254705498064532RX70610,85
53273523748347076QG30493,78
53168342168271023TC66293,78
53781148435137234OC85844,282
53447219053432725IV59567,282
53330938871901887OG31201,282
53707935023346055CK77733,282
53116901938709125RX71086,282
53684551279287682DA31533,282
53842292287172819CP84241,163
53800664294272207OG65432,149
53680473888360606YR66274,149
53986732904233901SD67541,78
53425046892210324CB95323,40
53732431810153833FP68036,179
53334926199918837SL28932,46
53666675747643399QO64941,78
53549720788330311WR14168,78
53782087222940636IW32208,282
53307055188108671LK55527,78
53119516697365544CK26464,85
53923044250625231ZO24839,85
53203436318925979GP67222,78
53816154459409428VP97848,182
53763654030285972PT35414,78
53943502794052949EU45475,144
53803254817743112AZ97750,144
53182945002313512BA57755,141
53852370604734543UT62469,46
53383455638550447ER76867,43
53349939714863421OE84236,229
53622989080958455NZ84822,299
53364632273057733PG85431,43
53222644578591523VF18844,105
53593300437262023HW66768,105
53304016128065131HO47424,43
53301637425716694PC72635,163
53938337862610165JJ83536,79
53178333338204935GC73392,128
53701118642138063XI96468,78
53713895653484042XE35696,78
53375750693469705LJ46747,78
53850843405776310EL74007,78
53772771137680758LC26855,78
53779624869935521NT51311,144
53574191837255981UG60480,78
53521117891137227EN96781,149
53565393921650890KI24786,289
53510441245630563SB13040,40
53371745948710019HH67822,300
53473815389217714VI71844,46
53482140446734687HV11856,78
53120411664006929WS61681,282
53972372160931023KK76817,297
53569117032095720QI69070,21
53215306123565364GL48177,160
53438787990315724GR83697,282
53592566477629227QO56507,179
53529447120366256OZ46042,179
53698104960617709HG31225,105
53353433692169445JE76657,102
53519168739729326UK29976,102
53147557902846181BX46174,102
53364917457974150JI96138,102
53357125360016818OB64618,102
53582806058687436YV65691,102
53389274201440185MJ38154,102
53761131199035538OZ67301,163
53184547640587742UT10078,179
53114032190415599NU77604,179
53883903485766923BO15374,179
53409653453814971FN80314,179
53687789659093981IM58928,282
53292078873576542QE20281,282
53917884402505383DC12854,282
53985106642080389HA55399,179
53612291008201070EO13648,282
53299602236453862DC12184,282
53976207849460531LR25214,46
53984436605314293ZV25547,101
53843527090466994JL17702,101
53957349832737043YZ25916,101
53912066490605817GF93626,163
53560133426250157VB84322,149
53618557573482349DZ23502,300
53608741413658815JH80896,163
53914933870823996BE10319,144
53895501066191761MX23757,149
53630639306129668ML96865,149
53207063289158174LA76246,163
53352539191037419VE23987,163
53615597245928671SD84148,163
53204048233906360CX47176,78
53472920446747442BY56723,179
53398719729186609WZ34098,133
53251166352421284OT25092,78
53851440415185360HE48557,78
53718057133352380QG32247,78
53416918677622141HA81408,78
53431044508172414PE67818,78
53540651751305848KI56515,78
53866818218605003LX70568,78
53369272544811191UP77726,78
53794605256443338YU42782,97
53102133065704800ZP52454,282
53564548289732456JS24772,144
53827609364721194TS69277,78
53879863747790797MV14661,144
53695120441226040JR15623,78
53697116595084364CV66683,97
53428050849284004LN61225,144
53575480970751487FX93185,282
53532590843469990KP63130,128
53364880326088128VH29312,130
53714847672853827FD95355,128
53561722697507988BC51989,78
53224891316286379PN66635,128
53499357179157415CQ73853,16
53647881004707777WX93093,78
53900824836092278JS55584,290
53767195002746041BZ45880,132
53522691598445108CI71008,289
53886370647977102VY27487,149
53773893205169786VA45833,235
53378627005947035SD85261,235
53860289089495133MC28055,163
53834580010709334BU10646,40
53920242437286379BN86949,309
53615860992981675BC33571,78
53165972440109004FA38162,163
53724924035817833TR84862,282
53666567673811051UG14263,78
53275773527087610KH81201,149
53193944050784257ZX48092,282
53189145771360660ZT83295,16
53412459116132511JQ50186,40
53678064423547285NC41245,97
53790831552386803NK26677,144
53524331833284182GE24211,78
53671486042461529PL24934,97
53460560349191325HP24862,282
53866811730212745CT69497,163
53424939654900460VA42230,105
53872495778203141US50406,105
53477681752755245UX31160,105
53406569308127668IO53735,105
53956598671501467BM15198,40
53282845399658791OD97990,163
53878726147954576LJ54544,46
53700600065783122WT19584,191
53121649075813585WJ89167,101
53627177867380520CU21836,101
53890060058982357CK15166,101
53478307483660747SK86666,103
53204631279000733AU95385,144
53322798840366711ZS82902,43
53533358757218528IJ86953,46
53490578839883075YB59398,282
53492251921948622YM98643,101
53337229979502404UF94469,101
53276616400727927MN52827,133
53317815467670805NF25687,43
53263565811778581FK31919,133
53726846901803433WX81037,101
53159016869644429TS21579,149
53533873934273520CX59002,101
53709034441785123ZH70049,119
53583977776050594UT48825,101
53299788636455686UV47020,6
53143393092508135FH92330,46
53378580656505684TE87819,46
53125639706829851KJ45100,101
53517088203690695MG36738,46
53249269089093745OC68532,101
53322522496995996BI48987,46
53421237610723784ZN44767,101
53805464633501909OM67370,46
53224206650110638HM72924,101
53197570187682389UO62715,46
53395137144703146VH52694,46
53848551430331399ZT42189,142
53572148962833283DY98086,101
53500433225166980PM34103,101
53161953455148683PG28668,46
53288612944335799MR21979,46
53288823821477461TE51795,46
53868390877858216RS91071,43
53983544303631432EC13754,116
53405277146388143XX27749,46
53595908955518308BW73603,133
53392756909250487JS27247,133
53448513723591838PM47572,133
53464828231768665TN48771,133
53952078559684325UT63462,133
53163555294347392BK42259,133
53118680302884920PC99298,179
53652647703899291GA88592,101
53538438562063280YW32651,179
53494653761566813PN66833,46
53959045164514236EA49776,133
53962905667286850CW60400,46
53521743292449980SR39044,299
53660647696578552PB37828,263
53360023201493888AV25600,101
53996424853634140GE75180,46
53228538221619399DX53187,85
53966581190120329EW68182,46
53602748704043228WJ60351,46
53979554952451450CY70913,85
53876446625039451JZ20705,252
53599657319475338ZW25861,101
53625976255008643NK12049,101
53143059585390746ZN74320,101
53123417012486446EB66085,85
53240331244707438ZV34435,101
53199706355845122OC48631,101
53234998357301831UV45919,101
53589930356325585BB50372,101
53424026666300663WI13360,29
53620198750721988UZ97193,85
53620539669419134ZA16592,101
53588580250960647HG69777,116
53827333656073823UA74908,46
53550923396466397BP33779,46
53149872920842304HJ19832,101
53946668659297299ZC20397,46
53762490065288951GN86183,263
53918324653080104VG89781,133
53701690908635503DV27899,101
53132434740504862YV47508,160
53250959507978112ZO19830,101
53358281677487848MB35222,116
53392080073816860VS57390,103
53254205395087647MH17339,133
53618707699826112KO38152,133
53585200254743727PY44025,103
53110837574662734AO13493,133
53424159407321628SS94797,46
53839196226137508BV42046,133
53600705572127094SK60819,133
53507768155434594IU22013,133
53645033711972820DC52480,46
53823928068282423DK46881,101
53116066764112018JV15926,29
53354399454341903JJ74440,103
53501799396185728OS54672,101
53623376175051050PU33917,310
53176021683214484MO23545,133
53579192643298873YK38487,133
53676480266391408LK25530,101
53476894898707921MQ47052,103
53216615290321333AA63000,133
53456085582536895VY19220,133
53860203149155390BZ86164,133
53539973980075719OQ48250,133
53836219352234905ZV12843,46
53503259031797719SC61678,46
53917166685278033AD96541,133
53570378700672783KD92212,46
5394173228137569ZF29199,133
53162751282317317CB63417,133
53919735486060072UO38329,46
53629727048234365BC24450,160
53261303728563754LG58581,106
53746316459223356JA79413,133
53643166318368355LD13586,85
53957248350062288IW84671,263
53229423235711043NO54813,101
53970571963190966BK11976,103
53132856394083584IK41721,133
53236364125532774FM17444,133
53898893672005796RX42203,133
53475775409229789JV94599,46
53358925768746984RM20788,85
53812831825386813DL89483,103
53450176356564580JU50097,144
53102887606063768PT79080,46
53673596269500783SE28975,101
53365807125893178IA14316,133
53383486386471333NG24680,133
53224752533794727II38700,101
53458147981334670MS98682,106
53774998415674467UP57029,133
53985648478904423UD35862,133
53936896711444564XA32899,133
53531665851190964LB63070,133
53442775257555858IU66942,101
53665560819659065BX78886,133
53716559203467993NV97311,103
53610644626455458SE72115,133
53971031833542464VJ81169,133
53451485949910189EG62503,46
53108623889230466ZF82638,133
53668115201028771DX32748,133
53290313138544959JB45953,101
53138816814675442LS85795,106
53521044350862237KT80310,133
53330136293458597QA60546,133
53526690080452243WA24494,133
53711484222208049HD33218,133
53452620116863296NS29182,85
53129946028826920RB38081,133
53737693204718919SW82787,119
53823958341272086DI56253,106
53214341970892437WN72813,133
53734988592677937AV52871,133
53394651939136940TW80505,133
53307002222991496QF79084,133
53374110761685887DQ43107,113
53914596660133882DT21757,133
53160912141558936XK74194,133
53646497450040207RD60338,133
53588330651998326XE38635,165
53586848235015678LC10441,46
53110225981949201GT83532,85
53313245098172955HR95828,144
53872342443403120LB76410,295
53461816175036085WK86856,106
53672507076130835QW84199,299
53742412468422266YJ91963,40
53222797831816838KW27946,103
53269430502579799GB77068,101
53117491040494662QU64021,79
53445583525671656PW66240,299
53762936298079793CO89264,133
53916172427509627DN35417,133
53508244443514255UQ34074,133
53566046345617676XK79616,133
53945176349068409SK58102,133
53175698890207061UG46952,133
53541419299031459VZ12410,133
53121117298902847CE12277,133
53558251638338285ZD65886,133
53875620105705442HZ99334,133
53560178266206373HC67725,133
53224963914371424UU13377,133
53663513782221313NK63490,133
53996098550122002GE42459,133
53359962471072102OG18463,133
53800048254264423II60945,133
53143410052217820BY94773,133
53417505981658204QW18753,133
53256419239487479ZI38345,299
53117940765176686MT14125,133
53465312277407532UL64334,103
53947416117152451QN10533,133
53646772423086696ZV59692,133
53917785859738794SX46564,133
53853745799258069TE29310,133
53938596742393522CQ26628,103
53706916092753410HV12089,119
53201747092093430MY44348,46
53714642244100426LQ63528,46
53169299512506670IK99529,299
53641273191169096OM81107,133
53243939554646988KU19718,133
53459579262480337NG89617,133
53438595788164668VZ82245,103
53216330491501457RU29660,101
53755401958683348SC74806,46
53928721577819221FK42413,101
53822989234856120UH61519,133
53323458133943425LI66990,46
53956348279009407PX39669,46
53946988820240498MX19619,191
53423713001863722PC78836,203
53378030768712443US45230,194
53134838085132673IT99275,101
53136275556953347BS67503,297
53342759472956770TR88463,101
53905485301033265UH61665,133
53357709732789574HL59053,133
53682374527121025IJ58736,133
53330674843785338ET32169,133
53999710989228694NJ75605,133
53134511404273342KZ48253,46
53164570298577481RY48127,299
53926541776808570RV83617,299
53517356518993341WB86589,101
53870955955417999GG29191,133
53337655848464781NR31602,133
53811514428500276IY71592,191
53728134211533455ZX31690,133
